Model,Accuracy,Precision,Recall,F1-Score
MobileNetV3,0.9206666666666666,0.9206194252551396,0.9206666666666666,0.9203195510276089
